userId,accessToken
4,eyJhbGciOiJIUzUxMiJ9.eyJzdWIiOiI0Iiwicm9sZSI6IkdFTkVSQUwiLCJlbWFpbCI6InVzZXI0QHRlc3QuY29tIiwicGVybWlzc2lvbnMiOltdLCJ0b2tlbl90eXBlIjoiQUNDRVNTIiwiaWF0IjoxNzY5MDgzNDUzLCJleHAiOjE3Njk0NDM0NTN9.DhxCqAmpm-kOGTzIEXKhO9QcYbmG-rIFbQgHdYZd4aN1y7XJipT6RWAcrWuaUAHzqS3-Fesvq_VesexBJTsufQ
5,eyJhbGciOiJIUzUxMiJ9.eyJzdWIiOiI1Iiwicm9sZSI6IkdFTkVSQUwiLCJlbWFpbCI6InVzZXI1QHRlc3QuY29tIiwicGVybWlzc2lvbnMiOltdLCJ0b2tlbl90eXBlIjoiQUNDRVNTIiwiaWF0IjoxNzY5MDgzNDUzLCJleHAiOjE3Njk0NDM0NTN9.3h9lHi55PLrvLUmM31eXRDcKEsz6NL8Us-9bP1oHm1cv9KdvgAFq558wca8BbUhuYRQKrXKkI86XubiOp4Yqfw
6,eyJhbGciOiJIUzUxMiJ9.eyJzdWIiOiI2Iiwicm9sZSI6IkdFTkVSQUwiLCJlbWFpbCI6InVzZXI2QHRlc3QuY29tIiwicGVybWlzc2lvbnMiOltdLCJ0b2tlbl90eXBlIjoiQUNDRVNTIiwiaWF0IjoxNzY5MDgzNDUzLCJleHAiOjE3Njk0NDM0NTN9.u94Wz-iTc5yVc9sdNGmhYXwd3whdjxeyldw7DKAZ0YJXsRVOPEcAsxqU3b-fGoORX21Hhx4VjLMbs9brLslKuQ
7,eyJhbGciOiJIUzUxMiJ9.eyJzdWIiOiI3Iiwicm9sZSI6IkdFTkVSQUwiLCJlbWFpbCI6InVzZXI3QHRlc3QuY29tIiwicGVybWlzc2lvbnMiOltdLCJ0b2tlbl90eXBlIjoiQUNDRVNTIiwiaWF0IjoxNzY5MDgzNDUzLCJleHAiOjE3Njk0NDM0NTN9.3lpWOrb2qgIgLnZRFcMJmL3xTzFie2b6eqb4aHmBrTIWRCCLY2wcUIUqovjoUqwP5BjNOCeHLaf9U-2ZZdfepA
8,eyJhbGciOiJIUzUxMiJ9.eyJzdWIiOiI4Iiwicm9sZSI6IkdFTkVSQUwiLCJlbWFpbCI6InVzZXI4QHRlc3QuY29tIiwicGVybWlzc2lvbnMiOltdLCJ0b2tlbl90eXBlIjoiQUNDRVNTIiwiaWF0IjoxNzY5MDgzNDUzLCJleHAiOjE3Njk0NDM0NTN9.hHiO9f9YhG6YAjJYznL3EIY8talTAN2xqh4SF215z8gn_AcUxyCFfAB4fpBdFxLASKVyet7cefokeBwtgxObOw
9,eyJhbGciOiJIUzUxMiJ9.eyJzdWIiOiI5Iiwicm9sZSI6IkdFTkVSQUwiLCJlbWFpbCI6InVzZXI5QHRlc3QuY29tIiwicGVybWlzc2lvbnMiOltdLCJ0b2tlbl90eXBlIjoiQUNDRVNTIiwiaWF0IjoxNzY5MDgzNDUzLCJleHAiOjE3Njk0NDM0NTN9.zrTzf_TuwwfzqpSeS5UerkcShuR5_kxpTkk3V_Rgbfhb7nQ1vadGcekyNkIJkydpBOzDggyDaAaL_IJc6FwfNQ
10,eyJhbGciOiJIUzUxMiJ9.eyJzdWIiOiIxMCIsInJvbGUiOiJHRU5FUkFMIiwiZW1haWwiOiJ1c2VyMTBAdGVzdC5jb20iLCJwZXJtaXNzaW9ucyI6W10sInRva2VuX3R5cGUiOiJBQ0NFU1MiLCJpYXQiOjE3NjkwODM0NTMsImV4cCI6MTc2OTQ0MzQ1M30.KgWcwwDxvexkxBRuve8KtADiMnnHpswX3Fc601ixfkywv4wutw576CO6RCdF_r9Rqui-kswCaEAFw3tELOFL9Q
11,eyJhbGciOiJIUzUxMiJ9.eyJzdWIiOiIxMSIsInJvbGUiOiJHRU5FUkFMIiwiZW1haWwiOiJ1c2VyMTFAdGVzdC5jb20iLCJwZXJtaXNzaW9ucyI6W10sInRva2VuX3R5cGUiOiJBQ0NFU1MiLCJpYXQiOjE3NjkwODM0NTMsImV4cCI6MTc2OTQ0MzQ1M30.8Gl_CmeX1fPn4j1czkbMRqapdDrTXYioXZr_SLv0M_PBUb78jlgl87DveP5isEz1rEhLjoEUueCjA7TqinMWdQ
12,eyJhbGciOiJIUzUxMiJ9.eyJzdWIiOiIxMiIsInJvbGUiOiJHRU5FUkFMIiwiZW1haWwiOiJ1c2VyMTJAdGVzdC5jb20iLCJwZXJtaXNzaW9ucyI6W10sInRva2VuX3R5cGUiOiJBQ0NFU1MiLCJpYXQiOjE3NjkwODM0NTMsImV4cCI6MTc2OTQ0MzQ1M30.aSLNeeddu88qovAH6e-9-U2R2OAL1y2q0A8gGQu6voW49oKX1KDhVwQPWscnODVgDsMfHf3vPxJAmv3kAbujhA
13,eyJhbGciOiJIUzUxMiJ9.eyJzdWIiOiIxMyIsInJvbGUiOiJHRU5FUkFMIiwiZW1haWwiOiJ1c2VyMTNAdGVzdC5jb20iLCJwZXJtaXNzaW9ucyI6W10sInRva2VuX3R5cGUiOiJBQ0NFU1MiLCJpYXQiOjE3NjkwODM0NTMsImV4cCI6MTc2OTQ0MzQ1M30.2H-HEy4NoaSk96OkytIHa27fEjMDk0YVGa1MxUD8HugxA_n4-ddxTp3rk2nOfMSOUuLEmuj3PjZrHDi4J7Kh6g
14,eyJhbGciOiJIUzUxMiJ9.eyJzdWIiOiIxNCIsInJvbGUiOiJHRU5FUkFMIiwiZW1haWwiOiJ1c2VyMTRAdGVzdC5jb20iLCJwZXJtaXNzaW9ucyI6W10sInRva2VuX3R5cGUiOiJBQ0NFU1MiLCJpYXQiOjE3NjkwODM0NTMsImV4cCI6MTc2OTQ0MzQ1M30.F1vYGjgXL2G6G0UFB5t1w0XAXybQMu3R3FQcYbocCRGbxHq1_ZHhRWO5QNMstrWGsWJIekz5J-8e-TxOzY2jJw
15,eyJhbGciOiJIUzUxMiJ9.eyJzdWIiOiIxNSIsInJvbGUiOiJHRU5FUkFMIiwiZW1haWwiOiJ1c2VyMTVAdGVzdC5jb20iLCJwZXJtaXNzaW9ucyI6W10sInRva2VuX3R5cGUiOiJBQ0NFU1MiLCJpYXQiOjE3NjkwODM0NTMsImV4cCI6MTc2OTQ0MzQ1M30.AVYFAWs1zKqkZxUVVi8A2P0RJ0FgHyMTFuVs2EXjbEVFjl7ZLizgDNCOkunwLzQdt-ukkgFOPaIGD2voE9Va5A
16,eyJhbGciOiJIUzUxMiJ9.eyJzdWIiOiIxNiIsInJvbGUiOiJHRU5FUkFMIiwiZW1haWwiOiJ1c2VyMTZAdGVzdC5jb20iLCJwZXJtaXNzaW9ucyI6W10sInRva2VuX3R5cGUiOiJBQ0NFU1MiLCJpYXQiOjE3NjkwODM0NTMsImV4cCI6MTc2OTQ0MzQ1M30.76DP-1mH82eVn62Vk_zky7mRZ4QvIx__ahTTAujL7bZeT-OE506OfnlSuwF90dpJJG66yQzST9u40nScP2qBbQ
17,eyJhbGciOiJIUzUxMiJ9.eyJzdWIiOiIxNyIsInJvbGUiOiJHRU5FUkFMIiwiZW1haWwiOiJ1c2VyMTdAdGVzdC5jb20iLCJwZXJtaXNzaW9ucyI6W10sInRva2VuX3R5cGUiOiJBQ0NFU1MiLCJpYXQiOjE3NjkwODM0NTMsImV4cCI6MTc2OTQ0MzQ1M30.lIF_YBpGSD2TCVkRbzWgLJXIVFHZI-nI27TKpZRsRFPb5J5lm9qc0pf4bJNry6RpaaJ4j3ZoXCYhUF5bYe0fiA
18,eyJhbGciOiJIUzUxMiJ9.eyJzdWIiOiIxOCIsInJvbGUiOiJHRU5FUkFMIiwiZW1haWwiOiJ1c2VyMThAdGVzdC5jb20iLCJwZXJtaXNzaW9ucyI6W10sInRva2VuX3R5cGUiOiJBQ0NFU1MiLCJpYXQiOjE3NjkwODM0NTMsImV4cCI6MTc2OTQ0MzQ1M30.NaRi6ZaT1aSOLWheVEP0nmTu8wOHeC_q7PrkdV9ex_8XVI6TsNB-PINvM_jcKTL9mEKVjIWtLNc4P7Y4-6q9-A
19,eyJhbGciOiJIUzUxMiJ9.eyJzdWIiOiIxOSIsInJvbGUiOiJHRU5FUkFMIiwiZW1haWwiOiJ1c2VyMTlAdGVzdC5jb20iLCJwZXJtaXNzaW9ucyI6W10sInRva2VuX3R5cGUiOiJBQ0NFU1MiLCJpYXQiOjE3NjkwODM0NTMsImV4cCI6MTc2OTQ0MzQ1M30.DQ1xv_qHGXHkAfcE9mjBXFUSYxQBKfzPTqLPiykp53zziASwrQpwe1aiSgC-X5j0VapZXNw0XrHjX40hMFAqmg
20,eyJhbGciOiJIUzUxMiJ9.eyJzdWIiOiIyMCIsInJvbGUiOiJHRU5FUkFMIiwiZW1haWwiOiJ1c2VyMjBAdGVzdC5jb20iLCJwZXJtaXNzaW9ucyI6W10sInRva2VuX3R5cGUiOiJBQ0NFU1MiLCJpYXQiOjE3NjkwODM0NTMsImV4cCI6MTc2OTQ0MzQ1M30.n3y9Ms3vV4ATm2XCoKB1fD2UvIMcu_z7D9r39N9AXRqKR5r7UvwHD2VIQCR7_NrKG1u420FBvcNn_DIhlwtiIg
21,eyJhbGciOiJIUzUxMiJ9.eyJzdWIiOiIyMSIsInJvbGUiOiJHRU5FUkFMIiwiZW1haWwiOiJ1c2VyMjFAdGVzdC5jb20iLCJwZXJtaXNzaW9ucyI6W10sInRva2VuX3R5cGUiOiJBQ0NFU1MiLCJpYXQiOjE3NjkwODM0NTMsImV4cCI6MTc2OTQ0MzQ1M30.tOU23zy7cuLoOML2tl2BuRl8PIFKQMdEnqx8jp-T21LNqlNvE0QzgAGThdH2i4IM--uJNmRe3XtmXkLN1AIqAw
22,eyJhbGciOiJIUzUxMiJ9.eyJzdWIiOiIyMiIsInJvbGUiOiJHRU5FUkFMIiwiZW1haWwiOiJ1c2VyMjJAdGVzdC5jb20iLCJwZXJtaXNzaW9ucyI6W10sInRva2VuX3R5cGUiOiJBQ0NFU1MiLCJpYXQiOjE3NjkwODM0NTMsImV4cCI6MTc2OTQ0MzQ1M30.N7e2kwaNdmASHX1O2GlbhDK5k_gUauhlZkn27J7n7JU7BZ-k2_Oylhtfl40Hixv5kKz1gUN9MgjK4HCzx15Ivw
23,eyJhbGciOiJIUzUxMiJ9.eyJzdWIiOiIyMyIsInJvbGUiOiJHRU5FUkFMIiwiZW1haWwiOiJ1c2VyMjNAdGVzdC5jb20iLCJwZXJtaXNzaW9ucyI6W10sInRva2VuX3R5cGUiOiJBQ0NFU1MiLCJpYXQiOjE3NjkwODM0NTMsImV4cCI6MTc2OTQ0MzQ1M30.37NETa3RJoPx0GxjR_EqgCR9S1GBgkswl0EdVHoMh25ddW0gd-RW1M8fSLjTQond1GP6WaPzyxcwq7LRVXo--g
24,eyJhbGciOiJIUzUxMiJ9.eyJzdWIiOiIyNCIsInJvbGUiOiJHRU5FUkFMIiwiZW1haWwiOiJ1c2VyMjRAdGVzdC5jb20iLCJwZXJtaXNzaW9ucyI6W10sInRva2VuX3R5cGUiOiJBQ0NFU1MiLCJpYXQiOjE3NjkwODM0NTQsImV4cCI6MTc2OTQ0MzQ1NH0.3kKkBubLOFrR7OC5BH6sHqTE94KJWwn62DnjL-LqkrGlH1lAhDf6HTPGEIZed-CejaCMUqfozAguL-HDp-j9KA
25,eyJhbGciOiJIUzUxMiJ9.eyJzdWIiOiIyNSIsInJvbGUiOiJHRU5FUkFMIiwiZW1haWwiOiJ1c2VyMjVAdGVzdC5jb20iLCJwZXJtaXNzaW9ucyI6W10sInRva2VuX3R5cGUiOiJBQ0NFU1MiLCJpYXQiOjE3NjkwODM0NTQsImV4cCI6MTc2OTQ0MzQ1NH0.EsXC6Jx0gOx5BZEjnJjM6o3fSF9sOIyLGXJIZjTxRrMck2MxZxJj4DHCBHBNg0nFri6LQNPfjX5CHNl9dfkzqQ
26,eyJhbGciOiJIUzUxMiJ9.eyJzdWIiOiIyNiIsInJvbGUiOiJHRU5FUkFMIiwiZW1haWwiOiJ1c2VyMjZAdGVzdC5jb20iLCJwZXJtaXNzaW9ucyI6W10sInRva2VuX3R5cGUiOiJBQ0NFU1MiLCJpYXQiOjE3NjkwODM0NTQsImV4cCI6MTc2OTQ0MzQ1NH0.mJjaNJ4C61ODWzRvRlvBOjl1CoJjdKBjqDTNbYmwgHMSUVeK2srVnbzc1tDu6LV2dK46W516OWbHUGMENKD4lg
27,eyJhbGciOiJIUzUxMiJ9.eyJzdWIiOiIyNyIsInJvbGUiOiJHRU5FUkFMIiwiZW1haWwiOiJ1c2VyMjdAdGVzdC5jb20iLCJwZXJtaXNzaW9ucyI6W10sInRva2VuX3R5cGUiOiJBQ0NFU1MiLCJpYXQiOjE3NjkwODM0NTQsImV4cCI6MTc2OTQ0MzQ1NH0.nqIwhP0ZsevHM4Au6VpLl8s9l97etJ6oPAZon88LLZQD6dSJvTCpUgcOMMT-zQEmIQFYIpPLGKkWBg-xAUgSrA
28,eyJhbGciOiJIUzUxMiJ9.eyJzdWIiOiIyOCIsInJvbGUiOiJHRU5FUkFMIiwiZW1haWwiOiJ1c2VyMjhAdGVzdC5jb20iLCJwZXJtaXNzaW9ucyI6W10sInRva2VuX3R5cGUiOiJBQ0NFU1MiLCJpYXQiOjE3NjkwODM0NTQsImV4cCI6MTc2OTQ0MzQ1NH0.a0gu9YnPhvZ1hj1v_g1fHix5lz7mzpIMnfJWO_a7u8YeVZqiAtXSv-tBdiN4pjIpuTHvqUANa_n_JOWB3VuHWA
29,eyJhbGciOiJIUzUxMiJ9.eyJzdWIiOiIyOSIsInJvbGUiOiJHRU5FUkFMIiwiZW1haWwiOiJ1c2VyMjlAdGVzdC5jb20iLCJwZXJtaXNzaW9ucyI6W10sInRva2VuX3R5cGUiOiJBQ0NFU1MiLCJpYXQiOjE3NjkwODM0NTQsImV4cCI6MTc2OTQ0MzQ1NH0.XW-GGsfkNJuh8dL9vL7es8Yu6HqzvYsYjG-LgwacF3b9zuoUmxWjkjhc7teOKowKduYS4TB8z85kLCrcysBBMA
30,eyJhbGciOiJIUzUxMiJ9.eyJzdWIiOiIzMCIsInJvbGUiOiJHRU5FUkFMIiwiZW1haWwiOiJ1c2VyMzBAdGVzdC5jb20iLCJwZXJtaXNzaW9ucyI6W10sInRva2VuX3R5cGUiOiJBQ0NFU1MiLCJpYXQiOjE3NjkwODM0NTQsImV4cCI6MTc2OTQ0MzQ1NH0.3b8wF9jfnmgY7lmn0ym7Nt9MnxcF3PZrYXr8_ps7mm4yaq60_9N0LoltBYpeXQcTDYKtKmfvGaRNmX-ww6LpcA
31,eyJhbGciOiJIUzUxMiJ9.eyJzdWIiOiIzMSIsInJvbGUiOiJHRU5FUkFMIiwiZW1haWwiOiJ1c2VyMzFAdGVzdC5jb20iLCJwZXJtaXNzaW9ucyI6W10sInRva2VuX3R5cGUiOiJBQ0NFU1MiLCJpYXQiOjE3NjkwODM0NTQsImV4cCI6MTc2OTQ0MzQ1NH0.Il_i0Hg-4pGqC3xzwLzL0CAuTZEbA31i0w4Sw1zXk0r00v0EvUd1MOI-B8HuDB8MsZhrgZruhkr4OiQF0lVVjQ
32,eyJhbGciOiJIUzUxMiJ9.eyJzdWIiOiIzMiIsInJvbGUiOiJHRU5FUkFMIiwiZW1haWwiOiJ1c2VyMzJAdGVzdC5jb20iLCJwZXJtaXNzaW9ucyI6W10sInRva2VuX3R5cGUiOiJBQ0NFU1MiLCJpYXQiOjE3NjkwODM0NTQsImV4cCI6MTc2OTQ0MzQ1NH0.HELiy7hr7rdqYBSJd-pBNG3U7q-yE4wXmL1-Ccs4zBvOM751JTwc52XTrsqYH08iivYoQ6J_BsDi2WCfReJRJg
33,eyJhbGciOiJIUzUxMiJ9.eyJzdWIiOiIzMyIsInJvbGUiOiJHRU5FUkFMIiwiZW1haWwiOiJ1c2VyMzNAdGVzdC5jb20iLCJwZXJtaXNzaW9ucyI6W10sInRva2VuX3R5cGUiOiJBQ0NFU1MiLCJpYXQiOjE3NjkwODM0NTQsImV4cCI6MTc2OTQ0MzQ1NH0.1juhtYvv6dujOO3FQ96lS2Uiv2eKw1GlY0bWztB7Ps1Rqo9RNMWY5vI-jTQ0UCABkVLYxP9zjhKqxvsUr8yhgQ
34,eyJhbGciOiJIUzUxMiJ9.eyJzdWIiOiIzNCIsInJvbGUiOiJHRU5FUkFMIiwiZW1haWwiOiJ1c2VyMzRAdGVzdC5jb20iLCJwZXJtaXNzaW9ucyI6W10sInRva2VuX3R5cGUiOiJBQ0NFU1MiLCJpYXQiOjE3NjkwODM0NTQsImV4cCI6MTc2OTQ0MzQ1NH0.9_XOFWOA9DWoheTkClrmewLX8b_00c4SAAKJrKLJe8yKPzyw1BUSa-WZGD_QJGQRNMn7cYHlwe9l1fyZPBDO6Q
35,eyJhbGciOiJIUzUxMiJ9.eyJzdWIiOiIzNSIsInJvbGUiOiJHRU5FUkFMIiwiZW1haWwiOiJ1c2VyMzVAdGVzdC5jb20iLCJwZXJtaXNzaW9ucyI6W10sInRva2VuX3R5cGUiOiJBQ0NFU1MiLCJpYXQiOjE3NjkwODM0NTQsImV4cCI6MTc2OTQ0MzQ1NH0.WVtE8ih0Qw7pzHFvKMaUiWxzDzhLfEUOwtA--d4WEwf61jDf6g0UHEcU6yW-tMZ7qezyhM7RBKvCZNWtZs-uPQ
36,eyJhbGciOiJIUzUxMiJ9.eyJzdWIiOiIzNiIsInJvbGUiOiJHRU5FUkFMIiwiZW1haWwiOiJ1c2VyMzZAdGVzdC5jb20iLCJwZXJtaXNzaW9ucyI6W10sInRva2VuX3R5cGUiOiJBQ0NFU1MiLCJpYXQiOjE3NjkwODM0NTQsImV4cCI6MTc2OTQ0MzQ1NH0.gNvVyAFQK4C8sKni8VXNp2JWgKMvGqHxnk4i-gM47DPfDj6qX1zAmkdlRJDwiVNets4Gh84jPkVqOzMATs422g
37,eyJhbGciOiJIUzUxMiJ9.eyJzdWIiOiIzNyIsInJvbGUiOiJHRU5FUkFMIiwiZW1haWwiOiJ1c2VyMzdAdGVzdC5jb20iLCJwZXJtaXNzaW9ucyI6W10sInRva2VuX3R5cGUiOiJBQ0NFU1MiLCJpYXQiOjE3NjkwODM0NTQsImV4cCI6MTc2OTQ0MzQ1NH0.2av54ra_tdodl3FjIRxeD9X5YT-DqFl9oWUWgg-9nlnnLx8vlJwQ8gXdBiZbeS0zJz-lmv8bka_BrlTylCuSJg
38,eyJhbGciOiJIUzUxMiJ9.eyJzdWIiOiIzOCIsInJvbGUiOiJHRU5FUkFMIiwiZW1haWwiOiJ1c2VyMzhAdGVzdC5jb20iLCJwZXJtaXNzaW9ucyI6W10sInRva2VuX3R5cGUiOiJBQ0NFU1MiLCJpYXQiOjE3NjkwODM0NTQsImV4cCI6MTc2OTQ0MzQ1NH0.vCAwL_8k7704iVPYTzHH35wGcVycS2uwR-D5h6JGT9TG82_t3rFJf5a--yWF5E2M0aXkCdPcTHAvWuMWy9qhzg
39,eyJhbGciOiJIUzUxMiJ9.eyJzdWIiOiIzOSIsInJvbGUiOiJHRU5FUkFMIiwiZW1haWwiOiJ1c2VyMzlAdGVzdC5jb20iLCJwZXJtaXNzaW9ucyI6W10sInRva2VuX3R5cGUiOiJBQ0NFU1MiLCJpYXQiOjE3NjkwODM0NTQsImV4cCI6MTc2OTQ0MzQ1NH0.Pgd04Fc2JKVGXpvRH9_R4Gcc1kM91bg6y6T_u1X4C6UoUOenJhAI1kygfaS2iBDjVKGYbguOWgLI3Wez64C_Aw
40,eyJhbGciOiJIUzUxMiJ9.eyJzdWIiOiI0MCIsInJvbGUiOiJHRU5FUkFMIiwiZW1haWwiOiJ1c2VyNDBAdGVzdC5jb20iLCJwZXJtaXNzaW9ucyI6W10sInRva2VuX3R5cGUiOiJBQ0NFU1MiLCJpYXQiOjE3NjkwODM0NTQsImV4cCI6MTc2OTQ0MzQ1NH0.ajHsfJ1Rxtc5lhPEfEm1elXoY5WsEy_WOlmHgR7TVX5MYondjn9pj3YqXFKYd-hLvCd7mMcBbSEpWpTLemsgDg
41,eyJhbGciOiJIUzUxMiJ9.eyJzdWIiOiI0MSIsInJvbGUiOiJHRU5FUkFMIiwiZW1haWwiOiJ1c2VyNDFAdGVzdC5jb20iLCJwZXJtaXNzaW9ucyI6W10sInRva2VuX3R5cGUiOiJBQ0NFU1MiLCJpYXQiOjE3NjkwODM0NTQsImV4cCI6MTc2OTQ0MzQ1NH0.dG0Z4cuiJvMpQAwL1RxVXBPhMCTsmw34PZrbws76TaeHRUrPA9AshkXDeL9-UERFzGARHvy2QDZoBCYvRZ275A
42,eyJhbGciOiJIUzUxMiJ9.eyJzdWIiOiI0MiIsInJvbGUiOiJHRU5FUkFMIiwiZW1haWwiOiJ1c2VyNDJAdGVzdC5jb20iLCJwZXJtaXNzaW9ucyI6W10sInRva2VuX3R5cGUiOiJBQ0NFU1MiLCJpYXQiOjE3NjkwODM0NTQsImV4cCI6MTc2OTQ0MzQ1NH0.KaDyaIIptULOQaZi3UjHOhIeR24K8kRBBik9etF3h3qYmZxOmhPNkDPTGH9YXiYOYJ2Xun4JLwWlvo-bzgsvBA
43,eyJhbGciOiJIUzUxMiJ9.eyJzdWIiOiI0MyIsInJvbGUiOiJHRU5FUkFMIiwiZW1haWwiOiJ1c2VyNDNAdGVzdC5jb20iLCJwZXJtaXNzaW9ucyI6W10sInRva2VuX3R5cGUiOiJBQ0NFU1MiLCJpYXQiOjE3NjkwODM0NTQsImV4cCI6MTc2OTQ0MzQ1NH0.esI2feDg9E81_PR52NslOtGNNem_jmsHK6slAtxUPxdEUI5vcy2HlI8M1PdTveYaVCMM-agDc9TMs5mjX-nm0g
44,eyJhbGciOiJIUzUxMiJ9.eyJzdWIiOiI0NCIsInJvbGUiOiJHRU5FUkFMIiwiZW1haWwiOiJ1c2VyNDRAdGVzdC5jb20iLCJwZXJtaXNzaW9ucyI6W10sInRva2VuX3R5cGUiOiJBQ0NFU1MiLCJpYXQiOjE3NjkwODM0NTQsImV4cCI6MTc2OTQ0MzQ1NH0.uLxB9yWrQthUEZyfHiaWPR3kQ7OhItjMbPAkTxD5Va76WwxS6jgtduhontQxi6QrvxbO40_OqgQKumJALSxHEw
45,eyJhbGciOiJIUzUxMiJ9.eyJzdWIiOiI0NSIsInJvbGUiOiJHRU5FUkFMIiwiZW1haWwiOiJ1c2VyNDVAdGVzdC5jb20iLCJwZXJtaXNzaW9ucyI6W10sInRva2VuX3R5cGUiOiJBQ0NFU1MiLCJpYXQiOjE3NjkwODM0NTQsImV4cCI6MTc2OTQ0MzQ1NH0.D9oNlY2rLaKNsdlyRR9e05r698USh5h1zaaUJic38c2Xi7PLGhOMX6yG9zErjEo98-Wq-cyLxOCkuhOKgP-afQ
46,eyJhbGciOiJIUzUxMiJ9.eyJzdWIiOiI0NiIsInJvbGUiOiJHRU5FUkFMIiwiZW1haWwiOiJ1c2VyNDZAdGVzdC5jb20iLCJwZXJtaXNzaW9ucyI6W10sInRva2VuX3R5cGUiOiJBQ0NFU1MiLCJpYXQiOjE3NjkwODM0NTQsImV4cCI6MTc2OTQ0MzQ1NH0.FYP5hgnhEvus49XOhuJO3_ibWlIC7RK9X6jyeN-_9eznTX4LaTAqx8ThA4zOL1jyTMXmDwFmrk39dOGG-AHtZw
47,eyJhbGciOiJIUzUxMiJ9.eyJzdWIiOiI0NyIsInJvbGUiOiJHRU5FUkFMIiwiZW1haWwiOiJ1c2VyNDdAdGVzdC5jb20iLCJwZXJtaXNzaW9ucyI6W10sInRva2VuX3R5cGUiOiJBQ0NFU1MiLCJpYXQiOjE3NjkwODM0NTQsImV4cCI6MTc2OTQ0MzQ1NH0.XfcSWDO2mOL96NVFLMAymnNch7M55jTofvb4aLbNy_cfHat5v0aMooVfLrh_np78V07YhudpAiRurm3ZG-bGPA
48,eyJhbGciOiJIUzUxMiJ9.eyJzdWIiOiI0OCIsInJvbGUiOiJHRU5FUkFMIiwiZW1haWwiOiJ1c2VyNDhAdGVzdC5jb20iLCJwZXJtaXNzaW9ucyI6W10sInRva2VuX3R5cGUiOiJBQ0NFU1MiLCJpYXQiOjE3NjkwODM0NTQsImV4cCI6MTc2OTQ0MzQ1NH0.2LWFLUL2vpQgte-zNGDdizyORk6XLDZp4uEp2Fa5ou4ACezbau_ZjNTfjvM_7R6UrvwC3Fn3eR_TeuaNz18M-g
49,eyJhbGciOiJIUzUxMiJ9.eyJzdWIiOiI0OSIsInJvbGUiOiJHRU5FUkFMIiwiZW1haWwiOiJ1c2VyNDlAdGVzdC5jb20iLCJwZXJtaXNzaW9ucyI6W10sInRva2VuX3R5cGUiOiJBQ0NFU1MiLCJpYXQiOjE3NjkwODM0NTQsImV4cCI6MTc2OTQ0MzQ1NH0.inYXjpJ8cROXUp9TFn30gXkc9h0p8r7IqclVa2_miXe8q52TYBhlohmbVUhvNeSboXUQrNIdFiTw3dApl0myug
50,eyJhbGciOiJIUzUxMiJ9.eyJzdWIiOiI1MCIsInJvbGUiOiJHRU5FUkFMIiwiZW1haWwiOiJ1c2VyNTBAdGVzdC5jb20iLCJwZXJtaXNzaW9ucyI6W10sInRva2VuX3R5cGUiOiJBQ0NFU1MiLCJpYXQiOjE3NjkwODM0NTQsImV4cCI6MTc2OTQ0MzQ1NH0.NwnxH4w-iWPYaIb2dne5FJeI5VYqfpStUYcfYa_KcP7wHVV5cBZOUW10e2yYVrXTjIogFZUMATcf5DZDvVK1qA
51,eyJhbGciOiJIUzUxMiJ9.eyJzdWIiOiI1MSIsInJvbGUiOiJHRU5FUkFMIiwiZW1haWwiOiJ1c2VyNTFAdGVzdC5jb20iLCJwZXJtaXNzaW9ucyI6W10sInRva2VuX3R5cGUiOiJBQ0NFU1MiLCJpYXQiOjE3NjkwODM0NTQsImV4cCI6MTc2OTQ0MzQ1NH0.7pvz8YibKusJcd6FQkguGxVRIDnt4L2OVOyZdZpTiK2rEwgCK4S-aoCIm45IZO-ij8TgcFODF3sfiGMxZmHocA
52,eyJhbGciOiJIUzUxMiJ9.eyJzdWIiOiI1MiIsInJvbGUiOiJHRU5FUkFMIiwiZW1haWwiOiJ1c2VyNTJAdGVzdC5jb20iLCJwZXJtaXNzaW9ucyI6W10sInRva2VuX3R5cGUiOiJBQ0NFU1MiLCJpYXQiOjE3NjkwODM0NTQsImV4cCI6MTc2OTQ0MzQ1NH0.w5sn7IS-3yxzYcbFzZKXD7t9Va_FFp8AQSszmCTxzJBncBFEQ4gW132zFvA7DBQ5o_d04pHoL8GAYEdplyU8Wg
53,eyJhbGciOiJIUzUxMiJ9.eyJzdWIiOiI1MyIsInJvbGUiOiJHRU5FUkFMIiwiZW1haWwiOiJ1c2VyNTNAdGVzdC5jb20iLCJwZXJtaXNzaW9ucyI6W10sInRva2VuX3R5cGUiOiJBQ0NFU1MiLCJpYXQiOjE3NjkwODM0NTQsImV4cCI6MTc2OTQ0MzQ1NH0.kc6QoPHmcGDHXuE5AE6q_sWrbVEpHNjyV_d9toVKFpQ5Vn7Cfs5HYESFx54KlOLqeXbqVNpDWY4b8rwq0F8GLA
54,eyJhbGciOiJIUzUxMiJ9.eyJzdWIiOiI1NCIsInJvbGUiOiJHRU5FUkFMIiwiZW1haWwiOiJ1c2VyNTRAdGVzdC5jb20iLCJwZXJtaXNzaW9ucyI6W10sInRva2VuX3R5cGUiOiJBQ0NFU1MiLCJpYXQiOjE3NjkwODM0NTQsImV4cCI6MTc2OTQ0MzQ1NH0._QrvgMGYQIwsqxn-OigCuJD2spW_GesfVqM4SUGBcgmxOJbFzGBR9jN-MGjN7vutonkQ8sTmxwaFfk5A9YukNw
55,eyJhbGciOiJIUzUxMiJ9.eyJzdWIiOiI1NSIsInJvbGUiOiJHRU5FUkFMIiwiZW1haWwiOiJ1c2VyNTVAdGVzdC5jb20iLCJwZXJtaXNzaW9ucyI6W10sInRva2VuX3R5cGUiOiJBQ0NFU1MiLCJpYXQiOjE3NjkwODM0NTQsImV4cCI6MTc2OTQ0MzQ1NH0.ACH1M08PtkW_BvWu7cQ5N4uHyGKQczOXwQEnj10OgaX9E_fExLCze01CxO9s5_ubz6kwWZuDxd_W35-L1jyMmw
56,eyJhbGciOiJIUzUxMiJ9.eyJzdWIiOiI1NiIsInJvbGUiOiJHRU5FUkFMIiwiZW1haWwiOiJ1c2VyNTZAdGVzdC5jb20iLCJwZXJtaXNzaW9ucyI6W10sInRva2VuX3R5cGUiOiJBQ0NFU1MiLCJpYXQiOjE3NjkwODM0NTQsImV4cCI6MTc2OTQ0MzQ1NH0.QCxZGRuaBS0AvAALhCyZtQ0uiuxagd_8oU8yOuhE8mMUVuJeW6a4r97ZaneZbTs6ycClmWeRduQegPuvedd77A
57,eyJhbGciOiJIUzUxMiJ9.eyJzdWIiOiI1NyIsInJvbGUiOiJHRU5FUkFMIiwiZW1haWwiOiJ1c2VyNTdAdGVzdC5jb20iLCJwZXJtaXNzaW9ucyI6W10sInRva2VuX3R5cGUiOiJBQ0NFU1MiLCJpYXQiOjE3NjkwODM0NTQsImV4cCI6MTc2OTQ0MzQ1NH0.NHaBssWd3YNAdrxNXqJY17CMQCcCaSBChaFXopF08PqlBNTfw67bNDLg7YOmt5DQ_Bz8aqySBHZRyNkg85dRmA
58,eyJhbGciOiJIUzUxMiJ9.eyJzdWIiOiI1OCIsInJvbGUiOiJHRU5FUkFMIiwiZW1haWwiOiJ1c2VyNThAdGVzdC5jb20iLCJwZXJtaXNzaW9ucyI6W10sInRva2VuX3R5cGUiOiJBQ0NFU1MiLCJpYXQiOjE3NjkwODM0NTQsImV4cCI6MTc2OTQ0MzQ1NH0.c2QEXwqh-6wMoBtPvGcekAXMdo43X-2-is2lfnxsMSZn8ZJz_nNo-uh5Rz0IQhqNZDYToVMZ32VYs58Anxi5XA
59,eyJhbGciOiJIUzUxMiJ9.eyJzdWIiOiI1OSIsInJvbGUiOiJHRU5FUkFMIiwiZW1haWwiOiJ1c2VyNTlAdGVzdC5jb20iLCJwZXJtaXNzaW9ucyI6W10sInRva2VuX3R5cGUiOiJBQ0NFU1MiLCJpYXQiOjE3NjkwODM0NTQsImV4cCI6MTc2OTQ0MzQ1NH0.gysigcUwcrg6JQrNZuI9VJWSfB3ItVUZG_1ezpALKP85-F-yv0mH474HbIvC2pKQGYPyLMntg1iAzhTeGlpPJQ
60,eyJhbGciOiJIUzUxMiJ9.eyJzdWIiOiI2MCIsInJvbGUiOiJHRU5FUkFMIiwiZW1haWwiOiJ1c2VyNjBAdGVzdC5jb20iLCJwZXJtaXNzaW9ucyI6W10sInRva2VuX3R5cGUiOiJBQ0NFU1MiLCJpYXQiOjE3NjkwODM0NTQsImV4cCI6MTc2OTQ0MzQ1NH0.3NUSMyIqvvH9X4tTccyXgKcO_tJxd8u66UaG0Baxo3tj3Qwl7M3WG-OngOEMw109E90wvsWk1Ywbmh-pJe-qQA
61,eyJhbGciOiJIUzUxMiJ9.eyJzdWIiOiI2MSIsInJvbGUiOiJHRU5FUkFMIiwiZW1haWwiOiJ1c2VyNjFAdGVzdC5jb20iLCJwZXJtaXNzaW9ucyI6W10sInRva2VuX3R5cGUiOiJBQ0NFU1MiLCJpYXQiOjE3NjkwODM0NTQsImV4cCI6MTc2OTQ0MzQ1NH0.GT9LrAEUhsXS7D6KM_xzX8l7Iy7Gc-mBpS69SkOapES-sbVTVo-0zjL0oRKjTod_RolpwsgPUbSGfiGJjerDdw
62,eyJhbGciOiJIUzUxMiJ9.eyJzdWIiOiI2MiIsInJvbGUiOiJHRU5FUkFMIiwiZW1haWwiOiJ1c2VyNjJAdGVzdC5jb20iLCJwZXJtaXNzaW9ucyI6W10sInRva2VuX3R5cGUiOiJBQ0NFU1MiLCJpYXQiOjE3NjkwODM0NTQsImV4cCI6MTc2OTQ0MzQ1NH0.5Q6Hwyco5a3amwjRQxfv-t4PU2cHOtMOFHrbfPK9MERAP6gu8IFmBDUpacCPZ7wwjUrkJd-zSwsOfGrI7HQD6w
63,eyJhbGciOiJIUzUxMiJ9.eyJzdWIiOiI2MyIsInJvbGUiOiJHRU5FUkFMIiwiZW1haWwiOiJ1c2VyNjNAdGVzdC5jb20iLCJwZXJtaXNzaW9ucyI6W10sInRva2VuX3R5cGUiOiJBQ0NFU1MiLCJpYXQiOjE3NjkwODM0NTQsImV4cCI6MTc2OTQ0MzQ1NH0.UQGw8cAU1RxzIioftTOzo5TKJ5v0X1BcIR-ML_kaM1zbynITfgtOQLvED0ifwwWDTX39wOwvxEHj7PBnKwmNFw
64,eyJhbGciOiJIUzUxMiJ9.eyJzdWIiOiI2NCIsInJvbGUiOiJHRU5FUkFMIiwiZW1haWwiOiJ1c2VyNjRAdGVzdC5jb20iLCJwZXJtaXNzaW9ucyI6W10sInRva2VuX3R5cGUiOiJBQ0NFU1MiLCJpYXQiOjE3NjkwODM0NTQsImV4cCI6MTc2OTQ0MzQ1NH0.HnwBE1egvGNxL8g4c2TqIULsMm82wX1e1yZmVUkyo1wRJE7nXqeQE6rnPZyGRvGm1RdjXjokXmii5bD05AVraA
65,eyJhbGciOiJIUzUxMiJ9.eyJzdWIiOiI2NSIsInJvbGUiOiJHRU5FUkFMIiwiZW1haWwiOiJ1c2VyNjVAdGVzdC5jb20iLCJwZXJtaXNzaW9ucyI6W10sInRva2VuX3R5cGUiOiJBQ0NFU1MiLCJpYXQiOjE3NjkwODM0NTUsImV4cCI6MTc2OTQ0MzQ1NX0.YRFOQcMSBEsA_mffR6N85UbEESK2slGbwb6o1bf0kVe5yeel4zRV3eGX72X3-isOsTDY_FWEv8tnrIwKbXjqyQ
66,eyJhbGciOiJIUzUxMiJ9.eyJzdWIiOiI2NiIsInJvbGUiOiJHRU5FUkFMIiwiZW1haWwiOiJ1c2VyNjZAdGVzdC5jb20iLCJwZXJtaXNzaW9ucyI6W10sInRva2VuX3R5cGUiOiJBQ0NFU1MiLCJpYXQiOjE3NjkwODM0NTUsImV4cCI6MTc2OTQ0MzQ1NX0.YfoKluIZKJgUgoQc9fhpSGSSxaIfDPxFaDUeUk90vLUEUQFnxfyafRewqNeEmTuAOwcLAJQ7D36fpt3blieKxQ
67,eyJhbGciOiJIUzUxMiJ9.eyJzdWIiOiI2NyIsInJvbGUiOiJHRU5FUkFMIiwiZW1haWwiOiJ1c2VyNjdAdGVzdC5jb20iLCJwZXJtaXNzaW9ucyI6W10sInRva2VuX3R5cGUiOiJBQ0NFU1MiLCJpYXQiOjE3NjkwODM0NTUsImV4cCI6MTc2OTQ0MzQ1NX0.yFGinq-6mwsIZCDz1oiGUFWjCGb8fPtzMTNMLvlCPdrJOhQeptQNKPqEJjbWXtWoXhynOwqV1zyIo_W4J_YjFA
68,eyJhbGciOiJIUzUxMiJ9.eyJzdWIiOiI2OCIsInJvbGUiOiJHRU5FUkFMIiwiZW1haWwiOiJ1c2VyNjhAdGVzdC5jb20iLCJwZXJtaXNzaW9ucyI6W10sInRva2VuX3R5cGUiOiJBQ0NFU1MiLCJpYXQiOjE3NjkwODM0NTUsImV4cCI6MTc2OTQ0MzQ1NX0.BxyWy7pUgCu235tVjQT5tVZ25avRh2lcpd3TkT3OJCazTmhDBMiWO6uZX_2a29-2IxQON00XXsdq4gdAz37l4w
69,eyJhbGciOiJIUzUxMiJ9.eyJzdWIiOiI2OSIsInJvbGUiOiJHRU5FUkFMIiwiZW1haWwiOiJ1c2VyNjlAdGVzdC5jb20iLCJwZXJtaXNzaW9ucyI6W10sInRva2VuX3R5cGUiOiJBQ0NFU1MiLCJpYXQiOjE3NjkwODM0NTUsImV4cCI6MTc2OTQ0MzQ1NX0.L1w0zLmdL2jSKTOp97vewFB6JJM7EGwix1jwRQ7O1RzdMgHjD05KDnGndvrOPcOr9VjAmSGRfY14ZTb4rg6-uA
70,eyJhbGciOiJIUzUxMiJ9.eyJzdWIiOiI3MCIsInJvbGUiOiJHRU5FUkFMIiwiZW1haWwiOiJ1c2VyNzBAdGVzdC5jb20iLCJwZXJtaXNzaW9ucyI6W10sInRva2VuX3R5cGUiOiJBQ0NFU1MiLCJpYXQiOjE3NjkwODM0NTcsImV4cCI6MTc2OTQ0MzQ1N30.5zBHGO4054cLUE8AZnBEZcIWuBhhC988jTBsZ-UrZpI12UAhRCQU1XLJe8DO6ZdmPW47LR_hEe0apdjrNUimog
71,eyJhbGciOiJIUzUxMiJ9.eyJzdWIiOiI3MSIsInJvbGUiOiJHRU5FUkFMIiwiZW1haWwiOiJ1c2VyNzFAdGVzdC5jb20iLCJwZXJtaXNzaW9ucyI6W10sInRva2VuX3R5cGUiOiJBQ0NFU1MiLCJpYXQiOjE3NjkwODM0NTcsImV4cCI6MTc2OTQ0MzQ1N30.dyl7L5oBcOQm0HsXNkQ5yGQWxZXTy4ABnsoeNexerYh2AKSo_e1n9NZjDaoY6UewL1qjFjd6nkDjPHPRIX2mbA
72,eyJhbGciOiJIUzUxMiJ9.eyJzdWIiOiI3MiIsInJvbGUiOiJHRU5FUkFMIiwiZW1haWwiOiJ1c2VyNzJAdGVzdC5jb20iLCJwZXJtaXNzaW9ucyI6W10sInRva2VuX3R5cGUiOiJBQ0NFU1MiLCJpYXQiOjE3NjkwODM0NTcsImV4cCI6MTc2OTQ0MzQ1N30.RNVc-RkBacJcVorbg99rWpXtoXHZOlHLmqfz0XhmVT8TjIQQnpCfvuoardWQhnm69e6UeksJClf_WXQUOL-p0Q
73,eyJhbGciOiJIUzUxMiJ9.eyJzdWIiOiI3MyIsInJvbGUiOiJHRU5FUkFMIiwiZW1haWwiOiJ1c2VyNzNAdGVzdC5jb20iLCJwZXJtaXNzaW9ucyI6W10sInRva2VuX3R5cGUiOiJBQ0NFU1MiLCJpYXQiOjE3NjkwODM0NTcsImV4cCI6MTc2OTQ0MzQ1N30.Amflgk5UNLmR5y-u_6uBBvgja5vWNzLAgtWEO4JF37oiAHWd8pwuFPm7MjuqwUBfzpiD8jSUcleyaAtdF1HgFw
74,eyJhbGciOiJIUzUxMiJ9.eyJzdWIiOiI3NCIsInJvbGUiOiJHRU5FUkFMIiwiZW1haWwiOiJ1c2VyNzRAdGVzdC5jb20iLCJwZXJtaXNzaW9ucyI6W10sInRva2VuX3R5cGUiOiJBQ0NFU1MiLCJpYXQiOjE3NjkwODM0NTcsImV4cCI6MTc2OTQ0MzQ1N30.Y_MCEUxisSLSLupOIapS0xbEyuUWFgv4N5Bor62_vUZ8NhWmDKl0KDvRquAWsAHEOmxeokadRZ6XxazbX078SQ
75,eyJhbGciOiJIUzUxMiJ9.eyJzdWIiOiI3NSIsInJvbGUiOiJHRU5FUkFMIiwiZW1haWwiOiJ1c2VyNzVAdGVzdC5jb20iLCJwZXJtaXNzaW9ucyI6W10sInRva2VuX3R5cGUiOiJBQ0NFU1MiLCJpYXQiOjE3NjkwODM0NTcsImV4cCI6MTc2OTQ0MzQ1N30.XQNQcDfY8CDp0AEaLkQlmcmrwGTD2_JrUbF4Z24bMrhl-nFnZrWYjr5qTb6ww8I0Qt90YCxgBqcK5QJBhTbKbg
76,eyJhbGciOiJIUzUxMiJ9.eyJzdWIiOiI3NiIsInJvbGUiOiJHRU5FUkFMIiwiZW1haWwiOiJ1c2VyNzZAdGVzdC5jb20iLCJwZXJtaXNzaW9ucyI6W10sInRva2VuX3R5cGUiOiJBQ0NFU1MiLCJpYXQiOjE3NjkwODM0NTgsImV4cCI6MTc2OTQ0MzQ1OH0.XV2w3DMcY_U3Fr88eb07p8iOESlouD_pbOIcn4iAy0QGe0dz9PEWW2h_VeVXnWVrN0MVvxCikfXABhgtidU19g
77,eyJhbGciOiJIUzUxMiJ9.eyJzdWIiOiI3NyIsInJvbGUiOiJHRU5FUkFMIiwiZW1haWwiOiJ1c2VyNzdAdGVzdC5jb20iLCJwZXJtaXNzaW9ucyI6W10sInRva2VuX3R5cGUiOiJBQ0NFU1MiLCJpYXQiOjE3NjkwODM0NTgsImV4cCI6MTc2OTQ0MzQ1OH0.9wcdsGjxV2PZ8FPdd0G84dANisZoQMsltB3-GBW1ex29PeQ6y_1EyRnEZhKnNjxXQJh2au4S_g38ctbKV_xQIw
78,eyJhbGciOiJIUzUxMiJ9.eyJzdWIiOiI3OCIsInJvbGUiOiJHRU5FUkFMIiwiZW1haWwiOiJ1c2VyNzhAdGVzdC5jb20iLCJwZXJtaXNzaW9ucyI6W10sInRva2VuX3R5cGUiOiJBQ0NFU1MiLCJpYXQiOjE3NjkwODM0NTgsImV4cCI6MTc2OTQ0MzQ1OH0.kfM-aUjg2a7mDu42KiJ3S72Ex4LEo9vS5L99J9_Nu2kpZtZZoZW74wWYk08St8Mhbe12VNQXlhejD8ImnpuFng
79,eyJhbGciOiJIUzUxMiJ9.eyJzdWIiOiI3OSIsInJvbGUiOiJHRU5FUkFMIiwiZW1haWwiOiJ1c2VyNzlAdGVzdC5jb20iLCJwZXJtaXNzaW9ucyI6W10sInRva2VuX3R5cGUiOiJBQ0NFU1MiLCJpYXQiOjE3NjkwODM0NTgsImV4cCI6MTc2OTQ0MzQ1OH0.KFxoeKe2HOGiieS-5qLuNz5Zpm9aYuk2CNzsGwtKiIW39fBwElxPsnz6C_n7pKU0TVIjl5pkudJTogzraRgMKg
80,eyJhbGciOiJIUzUxMiJ9.eyJzdWIiOiI4MCIsInJvbGUiOiJHRU5FUkFMIiwiZW1haWwiOiJ1c2VyODBAdGVzdC5jb20iLCJwZXJtaXNzaW9ucyI6W10sInRva2VuX3R5cGUiOiJBQ0NFU1MiLCJpYXQiOjE3NjkwODM0NTgsImV4cCI6MTc2OTQ0MzQ1OH0.Z9ex9XecOwES5BqxR6vMz9QHf2rGmvMONiz43K0Tyi3E_OfZARGCycWTcQMT3K27ptf3eMvhD4BOo6FN_TEesA
81,eyJhbGciOiJIUzUxMiJ9.eyJzdWIiOiI4MSIsInJvbGUiOiJHRU5FUkFMIiwiZW1haWwiOiJ1c2VyODFAdGVzdC5jb20iLCJwZXJtaXNzaW9ucyI6W10sInRva2VuX3R5cGUiOiJBQ0NFU1MiLCJpYXQiOjE3NjkwODM0NTgsImV4cCI6MTc2OTQ0MzQ1OH0.UEpj9C5v8iNfBntE-pi5fnGDNIrXUtMzCXAmltd8_k81yhoCCxxg3YJ5sxVmkBg4h0asMhkPNF8e-QKGIwatyg
82,eyJhbGciOiJIUzUxMiJ9.eyJzdWIiOiI4MiIsInJvbGUiOiJHRU5FUkFMIiwiZW1haWwiOiJ1c2VyODJAdGVzdC5jb20iLCJwZXJtaXNzaW9ucyI6W10sInRva2VuX3R5cGUiOiJBQ0NFU1MiLCJpYXQiOjE3NjkwODM0NTgsImV4cCI6MTc2OTQ0MzQ1OH0.g671vC3qgE4X4CIXEu3mAdWKjiVl7SnZX0hzY_3RL31nyu2EGckp1giPoQIb9_Zg-B2ffJVFTskGTLH69tvLkA
83,eyJhbGciOiJIUzUxMiJ9.eyJzdWIiOiI4MyIsInJvbGUiOiJHRU5FUkFMIiwiZW1haWwiOiJ1c2VyODNAdGVzdC5jb20iLCJwZXJtaXNzaW9ucyI6W10sInRva2VuX3R5cGUiOiJBQ0NFU1MiLCJpYXQiOjE3NjkwODM0NTgsImV4cCI6MTc2OTQ0MzQ1OH0.OyOTWsHx7iPeRtKVEhcIBrzF75tBHiMceuAXeKH6RClfmN8gGKgMLe3Su_99nKzU1Pd80S7gHAMUZgtHz4bgkA
84,eyJhbGciOiJIUzUxMiJ9.eyJzdWIiOiI4NCIsInJvbGUiOiJHRU5FUkFMIiwiZW1haWwiOiJ1c2VyODRAdGVzdC5jb20iLCJwZXJtaXNzaW9ucyI6W10sInRva2VuX3R5cGUiOiJBQ0NFU1MiLCJpYXQiOjE3NjkwODM0NTgsImV4cCI6MTc2OTQ0MzQ1OH0.iNH19JZBL2R34fBbm2vGANW7FkCxstecSbvU3RLImvXOqOgFIInvWd5Wrkw52gnEQ_R9GZTUBIlHB9Yejfm4RA
85,eyJhbGciOiJIUzUxMiJ9.eyJzdWIiOiI4NSIsInJvbGUiOiJHRU5FUkFMIiwiZW1haWwiOiJ1c2VyODVAdGVzdC5jb20iLCJwZXJtaXNzaW9ucyI6W10sInRva2VuX3R5cGUiOiJBQ0NFU1MiLCJpYXQiOjE3NjkwODM0NTgsImV4cCI6MTc2OTQ0MzQ1OH0.CXjmaDqMw_j3OmaFcOVY715FZv6O70qcvEbegYwf_1Htk8Jf4T-gn680aEdoDjuJG38aUXYXYTowJ6SPHNt2Ag
86,eyJhbGciOiJIUzUxMiJ9.eyJzdWIiOiI4NiIsInJvbGUiOiJHRU5FUkFMIiwiZW1haWwiOiJ1c2VyODZAdGVzdC5jb20iLCJwZXJtaXNzaW9ucyI6W10sInRva2VuX3R5cGUiOiJBQ0NFU1MiLCJpYXQiOjE3NjkwODM0NTgsImV4cCI6MTc2OTQ0MzQ1OH0.4Op0Swm0mY63iUh1f03G5lvVeWwHBVEpaJa0umLHMu27ggyVWxXPNWN1sAvx2mikgf_O6bzCjmhwu6A-hcUebQ
87,eyJhbGciOiJIUzUxMiJ9.eyJzdWIiOiI4NyIsInJvbGUiOiJHRU5FUkFMIiwiZW1haWwiOiJ1c2VyODdAdGVzdC5jb20iLCJwZXJtaXNzaW9ucyI6W10sInRva2VuX3R5cGUiOiJBQ0NFU1MiLCJpYXQiOjE3NjkwODM0NTgsImV4cCI6MTc2OTQ0MzQ1OH0.Qg29_7rZE-pYpmjDomfsXlyzIoY3XAIQ1jD4DIPOUgKZN4onRB6dhnne4FHvRcGDtrvyXnOS8fXbQCVzfMcNew
88,eyJhbGciOiJIUzUxMiJ9.eyJzdWIiOiI4OCIsInJvbGUiOiJHRU5FUkFMIiwiZW1haWwiOiJ1c2VyODhAdGVzdC5jb20iLCJwZXJtaXNzaW9ucyI6W10sInRva2VuX3R5cGUiOiJBQ0NFU1MiLCJpYXQiOjE3NjkwODM0NTgsImV4cCI6MTc2OTQ0MzQ1OH0.xit1F6h8ykt1uakBL0nn5veTO3F_6p-DsWilqVfY84Z8VeD401QkYsczzy8k-r2RSGlZm8oEUVtFinQtdysxhA
89,eyJhbGciOiJIUzUxMiJ9.eyJzdWIiOiI4OSIsInJvbGUiOiJHRU5FUkFMIiwiZW1haWwiOiJ1c2VyODlAdGVzdC5jb20iLCJwZXJtaXNzaW9ucyI6W10sInRva2VuX3R5cGUiOiJBQ0NFU1MiLCJpYXQiOjE3NjkwODM0NTgsImV4cCI6MTc2OTQ0MzQ1OH0.Ol5RrO4DhlxQy-AKEKYvqkzTBfaNTqLLC_Y6l-bpCyAO1_cg_bSG6oKAAiSuJn4kaJY3xKYHvdDw4UmSliM8gQ
90,eyJhbGciOiJIUzUxMiJ9.eyJzdWIiOiI5MCIsInJvbGUiOiJHRU5FUkFMIiwiZW1haWwiOiJ1c2VyOTBAdGVzdC5jb20iLCJwZXJtaXNzaW9ucyI6W10sInRva2VuX3R5cGUiOiJBQ0NFU1MiLCJpYXQiOjE3NjkwODM0NTgsImV4cCI6MTc2OTQ0MzQ1OH0.UusnCpPaidDixFCAq0Ajp5b2BQftFpPFBvFAxya_Ww66cgzPGfUP8A_EyFIDU9j162FZKo9Es5Zc31Lcq5VUDg
91,eyJhbGciOiJIUzUxMiJ9.eyJzdWIiOiI5MSIsInJvbGUiOiJHRU5FUkFMIiwiZW1haWwiOiJ1c2VyOTFAdGVzdC5jb20iLCJwZXJtaXNzaW9ucyI6W10sInRva2VuX3R5cGUiOiJBQ0NFU1MiLCJpYXQiOjE3NjkwODM0NTgsImV4cCI6MTc2OTQ0MzQ1OH0.C9Q92pSIhRru_BR7-Q0PitWx_VEofwUQq18NlqIxHR3Wxku0USFaZwtR5Dz078V43JATBfAviEf0EOi__jNEUA
92,eyJhbGciOiJIUzUxMiJ9.eyJzdWIiOiI5MiIsInJvbGUiOiJHRU5FUkFMIiwiZW1haWwiOiJ1c2VyOTJAdGVzdC5jb20iLCJwZXJtaXNzaW9ucyI6W10sInRva2VuX3R5cGUiOiJBQ0NFU1MiLCJpYXQiOjE3NjkwODM0NTgsImV4cCI6MTc2OTQ0MzQ1OH0.9DcE5y8kbTRpviN_Jc1pd9RnPKdyEDOjk9gqNO6R5k9RmCL3jRMajPnq4uGgZeU8oulK9HXuFiyqixJhzsYgTg
93,eyJhbGciOiJIUzUxMiJ9.eyJzdWIiOiI5MyIsInJvbGUiOiJHRU5FUkFMIiwiZW1haWwiOiJ1c2VyOTNAdGVzdC5jb20iLCJwZXJtaXNzaW9ucyI6W10sInRva2VuX3R5cGUiOiJBQ0NFU1MiLCJpYXQiOjE3NjkwODM0NTgsImV4cCI6MTc2OTQ0MzQ1OH0.4F7HKpBZgL-b4NQjV44ZJMjo8me-Jf0l__lgBAvFWeGqweV0oT2c7yeYoFEW1b15tsrUXsNydUA1KF6Kq5AQkA
94,eyJhbGciOiJIUzUxMiJ9.eyJzdWIiOiI5NCIsInJvbGUiOiJHRU5FUkFMIiwiZW1haWwiOiJ1c2VyOTRAdGVzdC5jb20iLCJwZXJtaXNzaW9ucyI6W10sInRva2VuX3R5cGUiOiJBQ0NFU1MiLCJpYXQiOjE3NjkwODM0NTgsImV4cCI6MTc2OTQ0MzQ1OH0.jSKMfXc8-QiJNYB9-CW00wYLy1fwfEn1utybWqcXmBo3v8KFCNUZ373M2fE5FwwZmvNv4QjGYTqTeSquCDOltQ
95,eyJhbGciOiJIUzUxMiJ9.eyJzdWIiOiI5NSIsInJvbGUiOiJHRU5FUkFMIiwiZW1haWwiOiJ1c2VyOTVAdGVzdC5jb20iLCJwZXJtaXNzaW9ucyI6W10sInRva2VuX3R5cGUiOiJBQ0NFU1MiLCJpYXQiOjE3NjkwODM0NTgsImV4cCI6MTc2OTQ0MzQ1OH0.p8zfF5tIIyYzxSe8ALvjQZDxLBxjOzKjq0PN1EsIFuH_Je5L9FP1fevaloQF9abPTIvfRf62bQdLYkR5kIzfCg
96,eyJhbGciOiJIUzUxMiJ9.eyJzdWIiOiI5NiIsInJvbGUiOiJHRU5FUkFMIiwiZW1haWwiOiJ1c2VyOTZAdGVzdC5jb20iLCJwZXJtaXNzaW9ucyI6W10sInRva2VuX3R5cGUiOiJBQ0NFU1MiLCJpYXQiOjE3NjkwODM0NTgsImV4cCI6MTc2OTQ0MzQ1OH0.dtVYyXlXJsaxjUsnTBasYFA6h92hEWXC6XU3-gAQoeM6XM-3cGWuzh3bR-6oa0IjLIjpSF1mIUTcsyOdZ6_QFw
97,eyJhbGciOiJIUzUxMiJ9.eyJzdWIiOiI5NyIsInJvbGUiOiJHRU5FUkFMIiwiZW1haWwiOiJ1c2VyOTdAdGVzdC5jb20iLCJwZXJtaXNzaW9ucyI6W10sInRva2VuX3R5cGUiOiJBQ0NFU1MiLCJpYXQiOjE3NjkwODM0NTgsImV4cCI6MTc2OTQ0MzQ1OH0.HnY7glTyx_EZwQgQ5TvD9CZsqSi4IEFp-TrOnwCOp9aLpagpA_mctXkhZIA_jGz_E6o2aCJvOcQKUGAnjSjlxw
98,eyJhbGciOiJIUzUxMiJ9.eyJzdWIiOiI5OCIsInJvbGUiOiJHRU5FUkFMIiwiZW1haWwiOiJ1c2VyOThAdGVzdC5jb20iLCJwZXJtaXNzaW9ucyI6W10sInRva2VuX3R5cGUiOiJBQ0NFU1MiLCJpYXQiOjE3NjkwODM0NTgsImV4cCI6MTc2OTQ0MzQ1OH0._sqgW_TNB6-SPPm-JYBTHJzlkoM3Vg5cW_xjFlZN7IUu3s27gkuDYf5YE43JCiJMX0NBzHMLgHMbFTIo_zSaLQ
99,eyJhbGciOiJIUzUxMiJ9.eyJzdWIiOiI5OSIsInJvbGUiOiJHRU5FUkFMIiwiZW1haWwiOiJ1c2VyOTlAdGVzdC5jb20iLCJwZXJtaXNzaW9ucyI6W10sInRva2VuX3R5cGUiOiJBQ0NFU1MiLCJpYXQiOjE3NjkwODM0NTgsImV4cCI6MTc2OTQ0MzQ1OH0.jo9RyHVfeT9zzjleyrEFX_1_JjwY4UHoyxsQjlxJhobyVMCFmeAez-FOLP3ItRVWHQyHioFz63USbycSOvNKCA
100,eyJhbGciOiJIUzUxMiJ9.eyJzdWIiOiIxMDAiLCJyb2xlIjoiR0VORVJBTCIsImVtYWlsIjoidXNlcjEwMEB0ZXN0LmNvbSIsInBlcm1pc3Npb25zIjpbXSwidG9rZW5fdHlwZSI6IkFDQ0VTUyIsImlhdCI6MTc2OTA4MzQ1OCwiZXhwIjoxNzY5NDQzNDU4fQ.ZmjjBPjSVOfe6Nl9CSzfMlaJ6FabTl1uhnXO_pSTgMk91cqXX2PFq2VfUzD92pABccxdIqr5WDfly3DkqNbPjA
101,eyJhbGciOiJIUzUxMiJ9.eyJzdWIiOiIxMDEiLCJyb2xlIjoiR0VORVJBTCIsImVtYWlsIjoidXNlcjEwMUB0ZXN0LmNvbSIsInBlcm1pc3Npb25zIjpbXSwidG9rZW5fdHlwZSI6IkFDQ0VTUyIsImlhdCI6MTc2OTA4MzQ1OCwiZXhwIjoxNzY5NDQzNDU4fQ.P7hzBbvhI06942oS_lyR2OgbBV5eTRtl4OiH6K_xp5lJ-IERwoeTRI1tEtMlOuDa4N5AjWcDAV2PxZo4InBzWg
102,eyJhbGciOiJIUzUxMiJ9.eyJzdWIiOiIxMDIiLCJyb2xlIjoiR0VORVJBTCIsImVtYWlsIjoidXNlcjEwMkB0ZXN0LmNvbSIsInBlcm1pc3Npb25zIjpbXSwidG9rZW5fdHlwZSI6IkFDQ0VTUyIsImlhdCI6MTc2OTA4MzQ1OCwiZXhwIjoxNzY5NDQzNDU4fQ.WQXpbGPlitcUaZnQ1zcn7l2lCApJS2O2USjKdzFOMbgCi5NYW2uDiKlqTGpOpB3neiYkMIZlrlNesaCWKJcKuA
103,eyJhbGciOiJIUzUxMiJ9.eyJzdWIiOiIxMDMiLCJyb2xlIjoiR0VORVJBTCIsImVtYWlsIjoidXNlcjEwM0B0ZXN0LmNvbSIsInBlcm1pc3Npb25zIjpbXSwidG9rZW5fdHlwZSI6IkFDQ0VTUyIsImlhdCI6MTc2OTA4MzQ1OCwiZXhwIjoxNzY5NDQzNDU4fQ.qccKVnMbsLKiVr8TbbKzq0swlFqE2AVxV0jx8kc6_Z7WhcfhxaALHtoUZMvfXuXWOc8qK6FUvWZ-UbqEG3HznQ
